macrotema,monto_exp,pct,decil,cve_ent,año
Trabajo,8518834.15,99.36,8,01,2020
Transferencias,54536.88,0.64,8,01,2020
Transferencias,14254819.02,58.16,10,01,2022
Percepciones financieras y de capital,9045442.38,36.91,10,01,2022
Trabajo,1208360.4,4.93,10,01,2022
Trabajo,363913.02999999997,56.47,3,03,2020
Programas sociales y becas,280516.21,43.53,3,03,2020
Transferencias,1507867.56,85.94,4,03,2020
Programas sociales y becas,125655.62999999999,7.16,4,03,2020
Negocio propio,120988.01,6.9,4,03,2020
Trabajo,2474998.9499999997,85.6,5,03,2020
Programas sociales y becas,416249.39999999997,14.4,5,03,2020
Trabajo,958793.22,72.79,6,03,2020
Programas sociales y becas,358336.77,27.21,6,03,2020
Trabajo,3393341.04,82.56,7,03,2020
Programas sociales y becas,716672.61,17.44,7,03,2020
Trabajo,14186165.91,84.89,10,03,2020
Transferencias,1561701.61,9.35,10,03,2020
Programas sociales y becas,963031.58,5.76,10,03,2020
Trabajo,1352458.25,44.35,7,03,2022
Programas sociales y becas,1096789.65,35.96,7,03,2022
Negocio propio,600491.65,19.69,7,03,2022
Trabajo,3013043.04,48.08,8,03,2022
Negocio propio,2711738.4,43.27,8,03,2022
Percepciones financieras y de capital,273912.8,4.37,8,03,2022
Programas sociales y becas,267886.08,4.27,8,03,2022
Trabajo,8776914.959999999,86.55,9,03,2022
Programas sociales y becas,1364316.3599999999,13.45,9,03,2022
Trabajo,514285.45999999996,44.69,4,03,2024
Programas sociales y becas,501428.45999999996,43.58,4,03,2024
Percepciones financieras y de capital,134999.53999999998,11.73,4,03,2024
Trabajo,2219798.9,56.41,2,04,2020
Programas sociales y becas,791759.52,20.12,2,04,2020
Percepciones financieras y de capital,481458.24,12.23,2,04,2020
Negocio propio,288002.3,7.32,2,04,2020
Transferencias,154075.95,3.92,2,04,2020
Trabajo,3444549.84,82.74,3,04,2020
Programas sociales y becas,718784.97,17.26,3,04,2020
Negocio propio,1167965.12,36.38,4,04,2020
Programas sociales y becas,986086.0800000001,30.72,4,04,2020
Percepciones financieras y de capital,876520.96,27.3,4,04,2020
Transferencias,175303.52000000002,5.46,4,04,2020
Trabajo,4382.56,0.14,4,04,2020
Trabajo,2181244.8,60.74,5,04,2020
Programas sociales y becas,1189770.4000000001,33.13,5,04,2020
Transferencias,220327.52000000002,6.13,5,04,2020
Trabajo,5553855.63,60.28,6,04,2020
Programas sociales y becas,2112489.46,22.93,6,04,2020
Percepciones financieras y de capital,1069972.5,11.61,6,04,2020
Transferencias,476901.25,5.18,6,04,2020
Trabajo,14505715.639999999,47.21,7,04,2020
Programas sociales y becas,8574660.76,27.91,7,04,2020
Negocio propio,4034242.0900000003,13.13,7,04,2020
Transferencias,2031931.47,6.61,7,04,2020
Renta de la propiedad,842281.86,2.74,7,04,2020
Percepciones financieras y de capital,736676.55,2.4,7,04,2020
Trabajo,8967351.57,42.34,8,04,2020
Negocio propio,5454003.68,25.75,8,04,2020
Transferencias,4845685.7700000005,22.88,8,04,2020
Programas sociales y becas,1151362.2,5.44,8,04,2020
Percepciones financieras y de capital,720351.8,3.4,8,04,2020
Otros ingresos,39324.98,0.19,8,04,2020
Trabajo,4728694.67,57.25,9,04,2020
Transferencias,2066330.28,25.02,9,04,2020
Negocio propio,1006972.05,12.19,9,04,2020
Programas sociales y becas,457502.64,5.54,9,04,2020
Trabajo,22814570.16,45.04,10,04,2020
Transferencias,15658395.469999999,30.92,10,04,2020
Percepciones financieras y de capital,10363470.59,20.46,10,04,2020
Programas sociales y becas,1813144.92,3.58,10,04,2020
Trabajo,2431143.3899999997,44.49,1,04,2022
Programas sociales y becas,2099836.68,38.43,1,04,2022
Percepciones financieras y de capital,933260.04,17.08,1,04,2022
Programas sociales y becas,2105998.68,88.47,2,04,2022
Negocio propio,274588.26,11.53,2,04,2022
Trabajo,4186904.22,56.24,3,04,2022
Programas sociales y becas,3258328.7399999998,43.76,3,04,2022
Trabajo,18666210.79,66.83,5,04,2022
Programas sociales y becas,5151615.65,18.44,5,04,2022
Negocio propio,3457328.42,12.38,5,04,2022
Percepciones financieras y de capital,352173.60000000003,1.26,5,04,2022
Transferencias,302868.78,1.08,5,04,2022
Trabajo,4708244.14,60.88,7,04,2022
Programas sociales y becas,2141656.4,27.69,7,04,2022
Percepciones financieras y de capital,883857.91,11.43,7,04,2022
Trabajo,8000310.870000001,40.18,9,04,2022
Programas sociales y becas,4498302.93,22.59,9,04,2022
Negocio propio,3352884.3499999996,16.84,9,04,2022
Renta de la propiedad,1613347.19,8.1,9,04,2022
Percepciones financieras y de capital,1470080.8800000001,7.38,9,04,2022
Transferencias,974859.15,4.9,9,04,2022
Trabajo,4261303.199999999,100.0,3,04,2024
Trabajo,5200371.119999999,73.46,6,04,2024
Negocio propio,1036246.71,14.64,6,04,2024
Programas sociales y becas,842281.86,11.9,6,04,2024
Trabajo,6753661.16,76.9,5,05,2022
Programas sociales y becas,2029187.02,23.1,5,05,2022
Trabajo,2035868.38,73.83,4,06,2020
Transferencias,386556.11,14.02,4,06,2020
Programas sociales y becas,335015.47,12.15,4,06,2020
Trabajo,1679868.72,82.34,6,06,2020
Programas sociales y becas,360379.26,17.66,6,06,2020
Trabajo,4085728.1999999997,74.43,7,06,2020
Programas sociales y becas,1068131.0,19.46,7,06,2020
Transferencias,296703.0,5.41,7,06,2020
Negocio propio,38793.44,0.71,7,06,2020
Trabajo,4759309.24,60.49,9,06,2020
Percepciones financieras y de capital,1836689.54,23.34,9,06,2020
Programas sociales y becas,1089802.1400000001,13.85,9,06,2020
Transferencias,96922.98,1.23,9,06,2020
Negocio propio,85291.36,1.08,9,06,2020
Trabajo,2009347.6199999999,71.32,5,06,2022
Programas sociales y becas,808066.51,28.68,5,06,2022
Trabajo,5412339.16,58.66,8,06,2022
Programas sociales y becas,2151846.51,23.32,8,06,2022
Transferencias,1478991.93,16.03,8,06,2022
Negocio propio,106906.0,1.16,8,06,2022
Percepciones financieras y de capital,77282.54,0.84,8,06,2022
Trabajo,5470443.45,53.06,9,06,2022
Negocio propio,1839942.76,17.85,9,06,2022
Programas sociales y becas,1512777.33,14.67,9,06,2022
Percepciones financieras y de capital,955270.8899999999,9.27,9,06,2022
Transferencias,532039.41,5.16,9,06,2022
Trabajo,1750617.6,92.55,6,06,2024
Programas sociales y becas,140869.44,7.45,6,06,2024
Trabajo,575714.35,40.72,7,06,2024
Programas sociales y becas,379239.23,26.82,7,06,2024
Percepciones financieras y de capital,300983.47,21.29,7,06,2024
Transferencias,158016.02,11.18,7,06,2024
Trabajo,18170343.360000003,94.48,10,06,2024
Percepciones financieras y de capital,1062294.48,5.52,10,06,2024
Trabajo,14862550.580000002,81.32,1,07,2020
Programas sociales y becas,2585887.1999999997,14.15,1,07,2020
Transferencias,828584.6399999999,4.53,1,07,2020
Programas sociales y becas,30241484.91,54.41,2,07,2020
Trabajo,21239829.150000002,38.21,2,07,2020
Negocio propio,2581074.8899999997,4.64,2,07,2020
Transferencias,1106174.27,1.99,2,07,2020
Percepciones financieras y de capital,414534.85000000003,0.75,2,07,2020
Negocio propio,11166925.3,91.5,3,07,2020
Programas sociales y becas,1037625.16,8.5,3,07,2020
Programas sociales y becas,53970438.269999996,43.04,4,07,2020
Trabajo,46266964.59,36.9,4,07,2020
Transferencias,20321376.57,16.21,4,07,2020
Negocio propio,3857289.0999999996,3.08,4,07,2020
Percepciones financieras y de capital,985583.0,0.79,4,07,2020
Trabajo,30040261.48,39.49,5,07,2020
Programas sociales y becas,28770106.28,37.82,5,07,2020
Percepciones financieras y de capital,9349531.9,12.29,5,07,2020
Negocio propio,4312654.0600000005,5.67,5,07,2020
Transferencias,3598516.8600000003,4.73,5,07,2020
Transferencias,28291203.32,46.47,6,07,2020
Percepciones financieras y de capital,13638659.559999999,22.4,6,07,2020
Negocio propio,11885888.7,19.52,6,07,2020
Programas sociales y becas,7062078.78,11.6,6,07,2020
Trabajo,31054149.479999997,95.77,7,07,2020
Programas sociales y becas,1371709.94,4.23,7,07,2020
Programas sociales y becas,11558141.899999999,100.0,2,07,2022
Programas sociales y becas,11768558.9,74.04,3,07,2022
Negocio propio,2107255.8000000003,13.26,3,07,2022
Transferencias,2020106.9000000001,12.71,3,07,2022
Transferencias,18497235.0,54.7,4,07,2022
Programas sociales y becas,8488361.1,25.1,4,07,2022
Negocio propio,6831017.4,20.2,4,07,2022
Trabajo,13178327.61,55.74,5,07,2022
Programas sociales y becas,10465952.97,44.26,5,07,2022
Programas sociales y becas,22980314.0,71.02,6,07,2022
Transferencias,6798907.0,21.01,6,07,2022
Renta de la propiedad,2039672.1,6.3,6,07,2022
Negocio propio,537450.45,1.66,6,07,2022
Trabajo,19856782.6,56.65,7,07,2022
Programas sociales y becas,8157042.919999999,23.27,7,07,2022
Negocio propio,5934066.84,16.93,7,07,2022
Transferencias,1102298.3599999999,3.14,7,07,2022
Trabajo,83150315.75,70.45,10,07,2022
Programas sociales y becas,25783227.0,21.84,10,07,2022
Percepciones financieras y de capital,9097818.0,7.71,10,07,2022
Programas sociales y becas,10741302.12,39.94,3,07,2024
Trabajo,7347040.08,27.32,3,07,2024
Negocio propio,4547857.4399999995,16.91,3,07,2024
Transferencias,4260715.8,15.84,3,07,2024
Programas sociales y becas,946229.4400000001,70.75,3,08,2020
Trabajo,299212.16,22.37,3,08,2020
Percepciones financieras y de capital,92064.96,6.88,3,08,2020
Programas sociales y becas,1035389.6,39.97,4,08,2020
Trabajo,942260.4800000001,36.37,4,08,2020
Transferencias,575216.32,22.2,4,08,2020
Negocio propio,37798.880000000005,1.46,4,08,2020
Trabajo,3289902.5199999996,49.92,6,08,2020
Programas sociales y becas,2461391.4200000004,37.35,6,08,2020
Transferencias,839347.3,12.74,6,08,2020
Trabajo,6239559.279999999,60.8,7,08,2020
Transferencias,2483406.43,24.2,7,08,2020
Programas sociales y becas,1539194.35,15.0,7,08,2020
Transferencias,11430488.1,39.32,9,08,2020
Trabajo,6543538.249999999,22.51,9,08,2020
Percepciones financieras y de capital,4472799.4,15.38,9,08,2020
Negocio propio,4240878.9,14.59,9,08,2020
Programas sociales y becas,2385491.45,8.21,9,08,2020
Programas sociales y becas,872950.68,62.03,3,08,2022
Trabajo,391081.49,27.79,3,08,2022
Transferencias,143163.69,10.17,3,08,2022
Programas sociales y becas,3550498.5,82.38,5,08,2022
Negocio propio,759374.9,17.62,5,08,2022
Trabajo,3410002.99,70.14,7,08,2022
Otros ingresos,578784.4500000001,11.9,7,08,2022
Percepciones financieras y de capital,438910.45,9.03,7,08,2022
Programas sociales y becas,434087.61,8.93,7,08,2022
Trabajo,8653277.1,68.05,9,08,2024
Programas sociales y becas,2257376.28,17.75,9,08,2024
Percepciones financieras y de capital,1805900.82,14.2,9,08,2024
Transferencias,85631363.16,56.72,8,09,2020
Trabajo,39096372.919999994,25.9,8,09,2020
Percepciones financieras y de capital,22819670.8,15.12,8,09,2020
Programas sociales y becas,3422939.6,2.27,8,09,2020
Trabajo,103078352.96,93.47,9,09,2020
Programas sociales y becas,7205466.4,6.53,9,09,2020
Trabajo,860869.44,70.3,6,09,2022
Programas sociales y becas,329196.48,26.88,6,09,2022
Transferencias,34434.56,2.81,6,09,2022
Trabajo,67976897.34,67.72,7,09,2022
Programas sociales y becas,29909828.9,29.8,7,09,2022
Transferencias,2492470.3,2.48,7,09,2022
Programas sociales y becas,1433347.08,66.87,1,10,2020
Percepciones financieras y de capital,710216.76,33.13,1,10,2020
Negocio propio,2539055.64,48.15,6,10,2020
Programas sociales y becas,2472734.88,46.9,6,10,2020
Trabajo,261098.63999999998,4.95,6,10,2020
Transferencias,5075408.25,66.67,7,10,2020
Programas sociales y becas,1268850.45,16.67,7,10,2020
Trabajo,1268850.45,16.67,7,10,2020
Trabajo,12461533.559999999,73.58,8,10,2020
Percepciones financieras y de capital,1869230.16,11.04,8,10,2020
Programas sociales y becas,1794459.24,10.6,8,10,2020
Transferencias,809998.56,4.78,8,10,2020
Percepciones financieras y de capital,1109346.8399999999,46.81,1,10,2022
Programas sociales y becas,1098782.28,46.36,1,10,2022
Negocio propio,161964.36000000002,6.83,1,10,2022
Programas sociales y becas,3812045.25,53.82,2,10,2022
Transferencias,1835410.98,25.91,2,10,2022
Negocio propio,752797.9800000001,10.63,2,10,2022
Renta de la propiedad,431412.66000000003,6.09,2,10,2022
Percepciones financieras y de capital,168514.83000000002,2.38,2,10,2022
Trabajo,82759.95000000001,1.17,2,10,2022
Trabajo,3662430.3600000003,49.8,3,10,2022
Programas sociales y becas,1985971.2,27.0,3,10,2022
Transferencias,969442.56,13.18,3,10,2022
Negocio propio,668537.6,9.09,3,10,2022
Percepciones financieras y de capital,67793.04,0.92,3,10,2022
Transferencias,5764670.66,29.66,4,10,2022
Programas sociales y becas,5535293.52,28.48,4,10,2022
Trabajo,5323369.03,27.39,4,10,2022
Percepciones financieras y de capital,1795522.3099999998,9.24,4,10,2022
Negocio propio,1014072.53,5.22,4,10,2022
Trabajo,2797706.34,45.54,5,10,2022
Programas sociales y becas,1913270.15,31.15,5,10,2022
Percepciones financieras y de capital,1203313.5400000003,19.59,5,10,2022
Transferencias,198546.48,3.23,5,10,2022
Otros ingresos,30081.81,0.49,5,10,2022
Trabajo,6745449.4799999995,63.25,6,10,2022
Programas sociales y becas,3511701.27,32.93,6,10,2022
Percepciones financieras y de capital,406758.66,3.81,6,10,2022
Trabajo,13908420.95,95.73,8,10,2022
Programas sociales y becas,620705.5,4.27,8,10,2022
Programas sociales y becas,3342853.8,37.25,4,10,2024
Transferencias,2699998.6,30.09,4,10,2024
Negocio propio,2237141.4,24.93,4,10,2024
Renta de la propiedad,694283.2000000001,7.74,4,10,2024
Negocio propio,15984214.549999999,75.86,10,10,2024
Trabajo,4551990.21,21.6,10,10,2024
Programas sociales y becas,329636.73,1.56,10,10,2024
Transferencias,179801.21,0.85,10,10,2024
Percepciones financieras y de capital,24972.25,0.12,10,10,2024
Trabajo,16316651.0,83.62,9,11,2020
Programas sociales y becas,3196244.63,16.38,9,11,2020
Trabajo,25655682.26,47.63,10,11,2020
Transferencias,18029504.09,33.47,10,11,2020
Programas sociales y becas,6310322.46,11.72,10,11,2020
Renta de la propiedad,2704420.42,5.02,10,11,2020
Negocio propio,1162897.97,2.16,10,11,2020
Trabajo,4675627.32,45.06,5,11,2022
Programas sociales y becas,2986407.06,28.78,5,11,2022
Transferencias,2714916.75,26.16,5,11,2022
Negocio propio,6959538.949999999,47.89,6,11,2022
Trabajo,6499572.300000001,44.72,6,11,2022
Programas sociales y becas,720539.1699999999,4.96,6,11,2022
Transferencias,264686.76,1.82,6,11,2022
Otros ingresos,88228.92,0.61,6,11,2022
Trabajo,87808680.96000001,69.33,9,11,2022
Transferencias,33057390.08,26.1,9,11,2022
Programas sociales y becas,5785035.52,4.57,9,11,2022
Trabajo,11790779.940000001,65.54,6,11,2024
Programas sociales y becas,6199985.43,34.46,6,11,2024
Programas sociales y becas,1052996.88,52.56,1,12,2020
Negocio propio,935029.68,46.67,1,12,2020
Trabajo,15259.919999999998,0.76,1,12,2020
Programas sociales y becas,7773282.2,38.83,2,12,2020
Trabajo,5935057.819999999,29.65,2,12,2020
Negocio propio,5238516.5,26.17,2,12,2020
Percepciones financieras y de capital,747780.1799999999,3.74,2,12,2020
Transferencias,323650.25,1.62,2,12,2020
Programas sociales y becas,24517496.92,56.56,3,12,2020
Trabajo,10908696.14,25.16,3,12,2020
Transferencias,4858226.5200000005,11.21,3,12,2020
Negocio propio,1542113.65,3.56,3,12,2020
Percepciones financieras y de capital,1523071.5499999998,3.51,3,12,2020
Trabajo,4314127.199999999,68.47,4,12,2020
Negocio propio,1117797.5999999999,17.74,4,12,2020
Programas sociales y becas,868694.4,13.79,4,12,2020
Trabajo,18249065.7,58.05,5,12,2020
Programas sociales y becas,11290415.01,35.91,5,12,2020
Percepciones financieras y de capital,1899586.77,6.04,5,12,2020
Trabajo,18812637.59,53.37,6,12,2020
Programas sociales y becas,10907406.65,30.94,6,12,2020
Negocio propio,3005667.3,8.53,6,12,2020
Percepciones financieras y de capital,2219580.45,6.3,6,12,2020
Transferencias,306925.9,0.87,6,12,2020
Negocio propio,26137178.15,35.36,7,12,2020
Programas sociales y becas,19851077.45,26.86,7,12,2020
Trabajo,19438157.96,26.3,7,12,2020
Transferencias,5398659.78,7.3,7,12,2020
Percepciones financieras y de capital,3084229.17,4.17,7,12,2020
Trabajo,41613957.06,82.81,8,12,2020
Programas sociales y becas,4573171.98,9.1,8,12,2020
Transferencias,3919864.8600000003,7.8,8,12,2020
Percepciones financieras y de capital,145179.36,0.29,8,12,2020
Trabajo,17280961.38,64.76,9,12,2020
Percepciones financieras y de capital,4785634.98,17.93,9,12,2020
Programas sociales y becas,4287206.88,16.07,9,12,2020
Transferencias,331079.76,1.24,9,12,2020
Percepciones financieras y de capital,37171951.68,32.95,10,12,2020
Trabajo,34025858.1,30.16,10,12,2020
Transferencias,33362600.94,29.58,10,12,2020
Programas sociales y becas,7619277.54,6.75,10,12,2020
Negocio propio,620174.4,0.55,10,12,2020
Programas sociales y becas,10084583.4,42.96,3,12,2022
Trabajo,9284915.1,39.56,3,12,2022
Transferencias,3800880.72,16.19,3,12,2022
Negocio propio,302982.68,1.29,3,12,2022
Transferencias,8032496.7700000005,61.39,4,12,2022
Programas sociales y becas,5051868.58,38.61,4,12,2022
Programas sociales y becas,8193050.25,77.41,5,12,2022
Negocio propio,1247719.0,11.79,5,12,2022
Percepciones financieras y de capital,874318.5,8.26,5,12,2022
Transferencias,269021.5,2.54,5,12,2022
Negocio propio,18216838.259999998,33.08,6,12,2022
Trabajo,16073300.520000001,29.18,6,12,2022
Programas sociales y becas,13798866.309999999,25.05,6,12,2022
Percepciones financieras y de capital,6542455.5600000005,11.88,6,12,2022
Transferencias,444390.48,0.81,6,12,2022
Trabajo,27651138.9,95.47,7,12,2022
Programas sociales y becas,1310957.94,4.53,7,12,2022
Transferencias,23993312.15,69.55,9,12,2022
Programas sociales y becas,6403898.2,18.56,9,12,2022
Trabajo,4100378.45,11.89,9,12,2022
Programas sociales y becas,6993440.24,66.0,3,12,2024
Negocio propio,2950296.08,27.84,3,12,2024
Percepciones financieras y de capital,466226.4,4.4,3,12,2024
Trabajo,155408.80000000002,1.47,3,12,2024
Transferencias,31081.76,0.29,3,12,2024
Programas sociales y becas,6955431.76,47.53,4,12,2024
Negocio propio,4494136.2,30.71,4,12,2024
Trabajo,2782171.44,19.01,4,12,2024
Percepciones financieras y de capital,401866.68,2.75,4,12,2024
Programas sociales y becas,10080491.22,36.72,6,12,2024
Trabajo,9901279.89,36.07,6,12,2024
Negocio propio,6272305.95,22.85,6,12,2024
Percepciones financieras y de capital,1198452.27,4.37,6,12,2024
Trabajo,51127040.64,71.42,8,12,2024
Programas sociales y becas,18413108.48,25.72,8,12,2024
Percepciones financieras y de capital,2045896.3200000003,2.86,8,12,2024
Trabajo,49554869.76,49.94,9,12,2024
Percepciones financieras y de capital,36295081.080000006,36.58,9,12,2024
Programas sociales y becas,8710815.72,8.78,9,12,2024
Negocio propio,2056717.44,2.07,9,12,2024
Transferencias,1451798.52,1.46,9,12,2024
Renta de la propiedad,1161439.8,1.17,9,12,2024
Trabajo,60448439.55,90.45,10,12,2024
Programas sociales y becas,6383146.5,9.55,10,12,2024
Negocio propio,4883456.64,61.99,3,13,2020
Trabajo,1838522.2000000002,23.34,3,13,2020
Programas sociales y becas,1156303.32,14.68,3,13,2020
Trabajo,5894796.12,68.15,4,13,2020
Programas sociales y becas,1753823.2000000002,20.28,4,13,2020
Negocio propio,1000654.64,11.57,4,13,2020
Programas sociales y becas,7420297.15,40.87,5,13,2020
Trabajo,6831387.64,37.62,5,13,2020
Negocio propio,1476696.9700000002,8.13,5,13,2020
Percepciones financieras y de capital,1325053.17,7.3,5,13,2020
Renta de la propiedad,1104209.47,6.08,5,13,2020
Trabajo,7090573.9799999995,52.23,6,13,2020
Programas sociales y becas,6441245.9399999995,47.44,6,13,2020
Negocio propio,44671.26,0.33,6,13,2020
Trabajo,6320046.960000001,42.37,7,13,2020
Programas sociales y becas,5246503.02,35.18,7,13,2020
Transferencias,2077824.2400000002,13.93,7,13,2020
Negocio propio,1270583.88,8.52,7,13,2020
Trabajo,13264501.38,56.33,6,13,2022
Programas sociales y becas,6950949.78,29.52,6,13,2022
Percepciones financieras y de capital,1782292.26,7.57,6,13,2022
Transferencias,891146.13,3.78,6,13,2022
Negocio propio,657216.9299999999,2.79,6,13,2022
Negocio propio,50460457.08,57.6,9,14,2022
Programas sociales y becas,14908771.41,17.02,9,14,2022
Transferencias,12185047.55,13.91,9,14,2022
Trabajo,10034742.78,11.46,9,14,2022
Otros ingresos,9552.34,0.01,9,14,2022
Negocio propio,21723554.560000002,32.33,6,15,2020
Trabajo,20363451.09,30.3,6,15,2020
Programas sociales y becas,18576748.11,27.65,6,15,2020
Percepciones financieras y de capital,4951986.57,7.37,6,15,2020
Transferencias,1581489.2,2.35,6,15,2020
Trabajo,83637344.19999999,43.39,8,15,2020
Transferencias,79576623.5,41.28,8,15,2020
Programas sociales y becas,25758159.259999998,13.36,8,15,2020
Negocio propio,3784643.58,1.96,8,15,2020
Trabajo,34985535.96,91.98,10,15,2020
Programas sociales y becas,1896652.06,4.99,10,15,2020
Renta de la propiedad,1153368.54,3.03,10,15,2020
Trabajo,26546273.78,84.48,2,15,2022
Programas sociales y becas,4695245.619999999,14.94,2,15,2022
Percepciones financieras y de capital,180575.72,0.57,2,15,2022
Transferencias,5193439.68,63.63,3,15,2022
Programas sociales y becas,2077373.76,25.45,3,15,2022
Negocio propio,890500.1599999999,10.91,3,15,2022
Trabajo,18150255.439999998,68.24,8,15,2022
Programas sociales y becas,7984367.82,30.02,8,15,2022
Negocio propio,464660.64,1.75,8,15,2022
Programas sociales y becas,9000093.870000001,89.8,3,15,2024
Negocio propio,1021986.2,10.2,3,15,2024
Negocio propio,39722098.39,46.67,8,15,2024
Programas sociales y becas,28941908.07,34.01,8,15,2024
Trabajo,16446347.12,19.32,8,15,2024
Negocio propio,19213728.1,40.9,9,15,2024
Programas sociales y becas,18512602.2,39.4,9,15,2024
Trabajo,9256296.95,19.7,9,15,2024
Programas sociales y becas,1694257.5,64.63,2,16,2020
Trabajo,847125.5,32.32,2,16,2020
Percepciones financieras y de capital,79917.5,3.05,2,16,2020
Trabajo,21580632.18,59.24,6,16,2020
Programas sociales y becas,12840130.26,35.25,6,16,2020
Negocio propio,1928457.2699999998,5.29,6,16,2020
Transferencias,78136.92,0.21,6,16,2020
Transferencias,30250268.099999998,35.21,9,16,2020
Programas sociales y becas,26251002.33,30.55,9,16,2020
Trabajo,25066733.25,29.18,9,16,2020
Negocio propio,4349343.96,5.06,9,16,2020
Trabajo,18369286.4,76.84,4,16,2022
Programas sociales y becas,4524448.8,18.93,4,16,2022
Percepciones financieras y de capital,904886.7999999999,3.78,4,16,2022
Transferencias,108580.2,0.45,4,16,2022
Negocio propio,16906596.220000003,43.87,6,16,2022
Percepciones financieras y de capital,11289126.17,29.29,6,16,2022
Trabajo,6025564.84,15.63,6,16,2022
Programas sociales y becas,2963391.2199999997,7.69,6,16,2022
Transferencias,1354692.1400000001,3.52,6,16,2022
Trabajo,71137754.17,64.26,7,16,2022
Programas sociales y becas,16745205.2,15.13,7,16,2022
Transferencias,9735964.89,8.79,7,16,2022
Negocio propio,8066552.249999999,7.29,7,16,2022
Percepciones financieras y de capital,5017573.0200000005,4.53,7,16,2022
Negocio propio,16552926.0,71.58,4,16,2024
Programas sociales y becas,6571410.3,28.42,4,16,2024
Programas sociales y becas,19251135.700000003,83.34,5,16,2024
Transferencias,3437700.64,14.88,5,16,2024
Negocio propio,411147.13999999996,1.78,5,16,2024
Programas sociales y becas,808848.75,52.7,1,17,2020
Trabajo,725955.0,47.3,1,17,2020
Trabajo,1607672.6500000001,100.0,3,17,2020
Trabajo,4963630.32,74.33,4,17,2020
Programas sociales y becas,1713832.56,25.67,4,17,2020
Trabajo,10854286.9,72.35,5,17,2020
Programas sociales y becas,3491702.6,23.28,5,17,2020
Negocio propio,332803.5,2.22,5,17,2020
Transferencias,322825.25,2.15,5,17,2020
Trabajo,5489213.800000001,70.98,8,17,2020
Programas sociales y becas,2244030.5999999996,29.02,8,17,2020
Trabajo,21413133.14,76.13,9,17,2020
Percepciones financieras y de capital,3629344.6,12.9,9,17,2020
Transferencias,2431656.43,8.65,9,17,2020
Programas sociales y becas,653279.0599999999,2.32,9,17,2020
Programas sociales y becas,8013807.5200000005,51.87,3,17,2022
Transferencias,3588195.6,23.23,3,17,2022
Trabajo,2352363.9299999997,15.23,3,17,2022
Percepciones financieras y de capital,822294.16,5.32,3,17,2022
Negocio propio,657272.7,4.25,3,17,2022
Otros ingresos,15049.08,0.1,3,17,2022
Programas sociales y becas,5729168.5600000005,53.51,5,17,2022
Trabajo,4539145.08,42.4,5,17,2022
Transferencias,437505.27999999997,4.09,5,17,2022
Trabajo,11129667.120000001,89.64,6,17,2022
Programas sociales y becas,1285822.96,10.36,6,17,2022
Trabajo,22490506.86,100.0,8,17,2022
Percepciones financieras y de capital,6651097.63,37.97,4,17,2024
Trabajo,3831030.75,21.87,4,17,2024
Transferencias,3724614.35,21.26,4,17,2024
Programas sociales y becas,3312242.73,18.91,4,17,2024
Trabajo,10746192.860000001,59.09,5,17,2024
Programas sociales y becas,7439670.680000001,40.91,5,17,2024
Trabajo,12653334.98,44.97,6,17,2024
Programas sociales y becas,11906908.4,42.32,6,17,2024
Transferencias,3576233.95,12.71,6,17,2024
Trabajo,93231769.04,74.61,9,17,2024
Programas sociales y becas,30776466.439999998,24.63,9,17,2024
Percepciones financieras y de capital,949890.46,0.76,9,17,2024
Percepciones financieras y de capital,2109736.1,48.79,2,18,2020
Trabajo,1050490.1400000001,24.29,2,18,2020
Programas sociales y becas,1006718.1599999999,23.28,2,18,2020
Transferencias,157572.72,3.64,2,18,2020
Trabajo,3649401.0,74.31,4,18,2020
Negocio propio,1111987.8,22.64,4,18,2020
Percepciones financieras y de capital,132064.2,2.69,4,18,2020
Transferencias,17607.6,0.36,4,18,2020
Transferencias,6484039.4,44.28,6,18,2020
Trabajo,2667515.08,18.22,6,18,2020
Percepciones financieras y de capital,2432966.2399999998,16.61,6,18,2020
Programas sociales y becas,2347324.16,16.03,6,18,2020
Negocio propio,711399.2000000001,4.86,6,18,2020
Trabajo,7032005.8,77.82,7,18,2020
Percepciones financieras y de capital,1430215.1,15.83,7,18,2020
Programas sociales y becas,573748.3,6.35,7,18,2020
Trabajo,18120174.21,58.45,8,18,2020
Transferencias,8049011.02,25.96,8,18,2020
Programas sociales y becas,2421885.18,7.81,8,18,2020
Percepciones financieras y de capital,2412066.8699999996,7.78,8,18,2020
Trabajo,34408764.95,91.71,10,18,2020
Programas sociales y becas,2838571.41,7.57,10,18,2020
Percepciones financieras y de capital,272949.0,0.73,10,18,2020
Trabajo,4227185.83,72.01,5,18,2022
Negocio propio,1643497.0999999999,27.99,5,18,2022
Trabajo,7076064.18,67.9,6,18,2022
Programas sociales y becas,3345048.68,32.1,6,18,2022
Trabajo,16414114.53,45.27,8,18,2022
Transferencias,14039293.600000001,38.72,8,18,2022
Programas sociales y becas,4335090.17,11.96,8,18,2022
Negocio propio,1445556.44,3.99,8,18,2022
Percepciones financieras y de capital,25508.069999999996,0.07,8,18,2022
Trabajo,26591546.88,74.87,10,18,2022
Transferencias,7979015.04,22.47,10,18,2022
Percepciones financieras y de capital,944261.76,2.66,10,18,2022
Trabajo,9372111.0,92.58,5,18,2024
Programas sociales y becas,563735.7000000001,5.57,5,18,2024
Percepciones financieras y de capital,187911.9,1.86,5,18,2024
Negocio propio,10330677.84,70.23,7,18,2024
Programas sociales y becas,4379345.6,29.77,7,18,2024
Trabajo,13380978.0,37.72,6,19,2020
Programas sociales y becas,9344253.2,26.34,6,19,2020
Transferencias,7288506.399999999,20.54,6,19,2020
Percepciones financieras y de capital,5083275.199999999,14.33,6,19,2020
Negocio propio,381238.8,1.07,6,19,2020
Programas sociales y becas,2203759.32,83.49,7,19,2020
Trabajo,343369.25999999995,13.01,7,19,2020
Negocio propio,92301.33,3.5,7,19,2020
Trabajo,25721538.259999998,82.45,8,19,2020
Programas sociales y becas,4322945.44,13.86,8,19,2020
Transferencias,1152785.06,3.7,8,19,2020
Trabajo,4517635.68,74.42,9,19,2020
Programas sociales y becas,1528495.1099999999,25.18,9,19,2020
Transferencias,24032.7,0.4,9,19,2020
Trabajo,3385270.35,87.49,9,19,2024
Programas sociales y becas,484238.7,12.51,9,19,2024
Negocio propio,4604657.22,69.48,3,20,2020
Percepciones financieras y de capital,1032064.3,15.57,3,20,2020
Programas sociales y becas,990780.04,14.95,3,20,2020
Trabajo,16430150.96,78.46,4,20,2020
Otros ingresos,2506227.36,11.97,4,20,2020
Programas sociales y becas,1288916.72,6.15,4,20,2020
Percepciones financieras y de capital,716060.8,3.42,4,20,2020
Trabajo,13476998.89,100.0,5,20,2020
Negocio propio,15901059.719999999,81.18,6,20,2020
Programas sociales y becas,2884299.6,14.73,6,20,2020
Percepciones financieras y de capital,801194.9400000001,4.09,6,20,2020
Trabajo,22222033.19,45.13,7,20,2020
Negocio propio,11874470.25,24.12,7,20,2020
Programas sociales y becas,8908773.51,18.09,7,20,2020
Otros ingresos,5341299.6,10.85,7,20,2020
Transferencias,890212.96,1.81,7,20,2020
Negocio propio,17041398.36,59.14,8,20,2020
Programas sociales y becas,6455075.760000001,22.4,8,20,2020
Trabajo,3867228.96,13.42,8,20,2020
Otros ingresos,1163075.76,4.04,8,20,2020
Renta de la propiedad,203536.19999999998,0.71,8,20,2020
Percepciones financieras y de capital,87229.8,0.3,8,20,2020
Transferencias,23431303.479999997,69.97,9,20,2020
Trabajo,7322281.09,21.87,9,20,2020
Programas sociales y becas,2733646.75,8.16,9,20,2020
Trabajo,16354917.540000001,57.47,10,20,2020
Transferencias,10329421.959999999,36.3,10,20,2020
Programas sociales y becas,1203425.3399999999,4.23,10,20,2020
Negocio propio,569955.88,2.0,10,20,2020
Percepciones financieras y de capital,3656061.85,35.35,1,20,2022
Programas sociales y becas,3110901.85,30.08,1,20,2022
Transferencias,2437373.19,23.57,1,20,2022
Trabajo,1137439.1700000002,11.0,1,20,2022
Programas sociales y becas,6934422.3,77.93,2,20,2022
Negocio propio,1425251.5,16.02,2,20,2022
Transferencias,462292.0,5.2,2,20,2022
Trabajo,76276.3,0.86,2,20,2022
Negocio propio,5237016.8,37.0,3,20,2022
Trabajo,4584129.2,32.38,3,20,2022
Programas sociales y becas,4334084.24,30.62,3,20,2022
Trabajo,5152125.9,43.1,5,20,2022
Programas sociales y becas,3359472.78,28.1,5,20,2022
Negocio propio,2583789.0,21.61,5,20,2022
Transferencias,858685.71,7.18,5,20,2022
Trabajo,40124541.38,93.97,9,20,2022
Programas sociales y becas,2572719.25,6.03,9,20,2022
Transferencias,6745566.9,50.32,5,21,2020
Programas sociales y becas,3511444.59,26.2,5,21,2020
Percepciones financieras y de capital,1836290.46,13.7,5,21,2020
Trabajo,749503.2000000001,5.59,5,21,2020
Renta de la propiedad,562127.4,4.19,5,21,2020
Transferencias,906392.2500000001,58.02,3,22,2020
Trabajo,536679.66,34.36,3,22,2020
Negocio propio,57005.93,3.65,3,22,2020
Renta de la propiedad,47704.6,3.05,3,22,2020
Percepciones financieras y de capital,14311.380000000001,0.92,3,22,2020
Programas sociales y becas,935801.7599999999,53.9,5,22,2020
Trabajo,800356.55,46.1,5,22,2020
Trabajo,3345651.48,67.8,6,22,2020
Programas sociales y becas,1031575.74,20.9,6,22,2020
Percepciones financieras y de capital,557608.2000000001,11.3,6,22,2020
Trabajo,4602471.81,83.33,7,22,2020
Programas sociales y becas,920493.87,16.67,7,22,2020
Trabajo,7732356.67,78.32,8,22,2020
Programas sociales y becas,2140100.0500000003,21.68,8,22,2020
Trabajo,3633933.6,58.5,9,22,2020
Transferencias,2522948.4,40.61,9,22,2020
Negocio propio,55239.299999999996,0.89,9,22,2020
Trabajo,8237895.44,78.31,7,22,2022
Programas sociales y becas,2281965.92,21.69,7,22,2022
Trabajo,7316703.87,89.33,9,22,2022
Negocio propio,617365.39,7.54,9,22,2022
Programas sociales y becas,251216.74000000002,3.07,9,22,2022
Transferencias,5233.37,0.06,9,22,2022
Transferencias,1652458.08,56.99,6,22,2024
Programas sociales y becas,1244301.52,42.92,6,22,2024
Negocio propio,2643.76,0.09,6,22,2024
Trabajo,1728586.56,47.69,9,22,2024
Programas sociales y becas,1505542.71,41.54,9,22,2024
Percepciones financieras y de capital,390325.74,10.77,9,22,2024
Trabajo,8350030.319999998,81.09,10,22,2024
Programas sociales y becas,1681966.64,16.33,10,22,2024
Negocio propio,265376.8,2.58,10,22,2024
Programas sociales y becas,6372027.640000001,47.07,2,23,2020
Percepciones financieras y de capital,3755297.0300000003,27.74,2,23,2020
Trabajo,1870400.54,13.82,2,23,2020
Transferencias,1491446.57,11.02,2,23,2020
Negocio propio,48449.53,0.36,2,23,2020
Programas sociales y becas,1097703.8,47.5,3,23,2020
Trabajo,1053186.56,45.58,3,23,2020
Negocio propio,159896.75999999998,6.92,3,23,2020
Programas sociales y becas,2496470.5,97.49,4,23,2020
Negocio propio,32970.98,1.29,4,23,2020
Otros ingresos,31401.290000000005,1.23,4,23,2020
Programas sociales y becas,9712470.1,54.1,6,23,2020
Trabajo,6489365.609999999,36.15,6,23,2020
Negocio propio,1632979.88,9.1,6,23,2020
Percepciones financieras y de capital,117691.0,0.66,6,23,2020
Programas sociales y becas,5959876.58,47.11,8,23,2020
Trabajo,5429632.359999999,42.92,8,23,2020
Negocio propio,891768.54,7.05,8,23,2020
Percepciones financieras y de capital,255906.05,2.02,8,23,2020
Transferencias,113289.95000000001,0.9,8,23,2020
Transferencias,30977424.18,81.18,10,23,2020
Trabajo,7182538.290000001,18.82,10,23,2020
Programas sociales y becas,1696693.76,80.65,2,23,2022
Transferencias,406955.52,19.35,2,23,2022
Programas sociales y becas,1975178.24,82.4,3,23,2022
Negocio propio,221633.27999999997,9.25,3,23,2022
Trabajo,200346.88,8.36,3,23,2022
Trabajo,4812784.2,100.0,4,23,2022
Trabajo,4044588.8,57.32,6,23,2022
Programas sociales y becas,3011249.6,42.68,6,23,2022
Trabajo,10000177.04,40.63,7,23,2022
Negocio propio,5848422.74,23.76,7,23,2022
Programas sociales y becas,4477946.4,18.19,7,23,2022
Transferencias,3025192.9499999997,12.29,7,23,2022
Renta de la propiedad,1260496.6400000001,5.12,7,23,2022
Trabajo,11379337.4,73.97,8,23,2022
Programas sociales y becas,4004260.9000000004,26.03,8,23,2022
Trabajo,10285089.5,76.44,9,23,2022
Programas sociales y becas,2371098.73,17.62,9,23,2022
Negocio propio,798605.1499999999,5.94,9,23,2022
Negocio propio,45087865.980000004,68.25,10,23,2022
Trabajo,10307990.76,15.6,10,23,2022
Programas sociales y becas,6078898.619999999,9.2,10,23,2022
Percepciones financieras y de capital,2894807.1,4.38,10,23,2022
Transferencias,1691601.03,2.56,10,23,2022
Programas sociales y becas,2348997.36,75.87,2,23,2024
Negocio propio,402972.42000000004,13.01,2,23,2024
Trabajo,344246.51999999996,11.12,2,23,2024
Transferencias,7330327.78,48.63,3,23,2024
Programas sociales y becas,4849968.38,32.18,3,23,2024
Negocio propio,2892911.94,19.19,3,23,2024
Trabajo,1818048.06,56.36,4,23,2024
Programas sociales y becas,1151607.89,35.7,4,23,2024
Transferencias,255912.38,7.93,4,23,2024
Programas sociales y becas,3066659.46,46.38,5,23,2024
Negocio propio,2668002.3000000003,40.35,5,23,2024
Transferencias,607499.46,9.19,5,23,2024
Trabajo,269999.76,4.08,5,23,2024
Negocio propio,6784040.1,56.69,9,23,2024
Programas sociales y becas,2809709.3499999996,23.48,9,23,2024
Trabajo,2372525.61,19.83,9,23,2024
Trabajo,12819636.06,69.47,10,23,2024
Programas sociales y becas,3060290.54,16.58,10,23,2024
Percepciones financieras y de capital,2281888.8400000003,12.37,10,23,2024
Transferencias,270308.01,1.46,10,23,2024
Negocio propio,21112.21,0.11,10,23,2024
Programas sociales y becas,1938863.94,29.88,4,24,2020
Trabajo,1928150.46,29.72,4,24,2020
Negocio propio,1325068.26,20.42,4,24,2020
Percepciones financieras y de capital,1178314.1700000002,18.16,4,24,2020
Transferencias,117830.76,1.82,4,24,2020
Trabajo,15606482.95,45.45,7,24,2020
Negocio propio,12626751.35,36.77,7,24,2020
Programas sociales y becas,5729448.870000001,16.68,7,24,2020
Transferencias,376915.52,1.1,7,24,2020
Trabajo,6410628.5,88.01,2,24,2022
Programas sociales y becas,873744.78,11.99,2,24,2022
Trabajo,4342128.36,51.92,5,24,2024
Programas sociales y becas,4020491.1599999997,48.08,5,24,2024
Trabajo,7552323.36,55.29,7,24,2024
Transferencias,3005898.79,22.0,7,24,2024
Programas sociales y becas,1690816.04,12.38,7,24,2024
Percepciones financieras y de capital,939343.73,6.88,7,24,2024
Negocio propio,471735.62,3.45,7,24,2024
Negocio propio,13367838.849999998,61.73,9,24,2024
Trabajo,7419618.88,34.26,9,24,2024
Programas sociales y becas,867227.49,4.0,9,24,2024
Trabajo,7856554.700000001,86.71,6,25,2020
Programas sociales y becas,1204671.2,13.29,6,25,2020
Trabajo,9036587.34,54.29,8,25,2020
Transferencias,4706554.71,28.28,8,25,2020
Programas sociales y becas,2902376.8400000003,17.44,8,25,2020
Transferencias,14439129.9,76.47,9,25,2020
Percepciones financieras y de capital,2506791.2500000005,13.28,9,25,2020
Trabajo,1855026.55,9.82,9,25,2020
Programas sociales y becas,80216.5,0.42,9,25,2020
Transferencias,17520650.53,89.02,10,25,2020
Programas sociales y becas,2160879.31,10.98,10,25,2020
Trabajo,5748939.7700000005,53.23,6,25,2022
Programas sociales y becas,2291804.27,21.22,6,25,2022
Transferencias,1896890.31,17.56,6,25,2022
Percepciones financieras y de capital,863204.3,7.99,6,25,2022
Transferencias,6830591.32,45.83,7,25,2022
Trabajo,4968341.5600000005,33.34,7,25,2022
Programas sociales y becas,3103749.6,20.83,7,25,2022
Trabajo,17561738.48,65.79,8,25,2022
Programas sociales y becas,6988103.98,26.18,8,25,2022
Transferencias,1097607.72,4.11,8,25,2022
Negocio propio,1046384.68,3.92,8,25,2022
Trabajo,4619797.2,48.41,3,26,2020
Programas sociales y becas,3404063.4800000004,35.67,3,26,2020
Percepciones financieras y de capital,810490.52,8.49,3,26,2020
Negocio propio,709179.72,7.43,3,26,2020
Trabajo,126452644.98,91.58,10,26,2022
Programas sociales y becas,8025047.98,5.81,10,26,2022
Percepciones financieras y de capital,3600980.52,2.61,10,26,2022
Trabajo,59108238.67999999,80.24,8,26,2024
Programas sociales y becas,7544741.390000001,10.24,8,26,2024
Percepciones financieras y de capital,4290327.79,5.82,8,26,2024
Transferencias,2717207.52,3.69,8,26,2024
Trabajo,14084662.32,45.07,2,27,2020
Programas sociales y becas,11349574.469999999,36.32,2,27,2020
Negocio propio,3076716.8,9.84,2,27,2020
Percepciones financieras y de capital,2207469.83,7.06,2,27,2020
Transferencias,533832.63,1.71,2,27,2020
Programas sociales y becas,6563070.8,86.2,3,27,2020
Trabajo,1050651.24,13.8,3,27,2020
Trabajo,13714201.95,94.83,4,27,2020
Negocio propio,449577.38,3.11,4,27,2020
Percepciones financieras y de capital,297388.8,2.06,4,27,2020
Programas sociales y becas,11025417.91,36.93,5,27,2020
Trabajo,7726920.639999999,25.88,5,27,2020
Negocio propio,6862673.56,22.99,5,27,2020
Transferencias,3605442.38,12.08,5,27,2020
Percepciones financieras y de capital,631965.5700000001,2.12,5,27,2020
Trabajo,41562400.5,42.36,6,27,2020
Programas sociales y becas,28419245.63,28.96,6,27,2020
Negocio propio,22018877.65,22.44,6,27,2020
Renta de la propiedad,3345649.2,3.41,6,27,2020
Percepciones financieras y de capital,2109082.4,2.15,6,27,2020
Transferencias,664727.67,0.68,6,27,2020
Trabajo,22527760.2,76.79,7,27,2020
Programas sociales y becas,4732693.7299999995,16.13,7,27,2020
Transferencias,1241604.92,4.23,7,27,2020
Percepciones financieras y de capital,833604.3900000001,2.84,7,27,2020
Trabajo,59162229.58,61.39,8,27,2020
Programas sociales y becas,13690668.81,14.21,8,27,2020
Negocio propio,11202118.32,11.62,8,27,2020
Transferencias,7486565.029999999,7.77,8,27,2020
Renta de la propiedad,4470727.94,4.64,8,27,2020
Percepciones financieras y de capital,354675.74,0.37,8,27,2020
Trabajo,99628055.71,75.81,9,27,2020
Programas sociales y becas,16726337.780000001,12.73,9,27,2020
Transferencias,6291485.29,4.79,9,27,2020
Percepciones financieras y de capital,5282075.109999999,4.02,9,27,2020
Negocio propio,3490591.46,2.66,9,27,2020
Negocio propio,37015787.92,93.76,10,27,2020
Transferencias,2053768.4000000001,5.2,10,27,2020
Programas sociales y becas,410753.68,1.04,10,27,2020
Trabajo,4377959.82,43.2,3,27,2022
Programas sociales y becas,3610873.8899999997,35.63,3,27,2022
Percepciones financieras y de capital,2146056.12,21.17,3,27,2022
Programas sociales y becas,6248682.45,62.68,4,27,2022
Transferencias,3506984.4000000004,35.18,4,27,2022
Negocio propio,214136.86,2.15,4,27,2022
Trabajo,19276306.99,46.05,5,27,2022
Programas sociales y becas,16432339.83,39.26,5,27,2022
Transferencias,5421877.12,12.95,5,27,2022
Percepciones financieras y de capital,725900.49,1.73,5,27,2022
Trabajo,8429845.27,53.78,6,27,2022
Programas sociales y becas,7067133.85,45.09,6,27,2022
Negocio propio,176676.29,1.13,6,27,2022
Trabajo,21035744.580000002,71.39,7,27,2022
Programas sociales y becas,7600811.859999999,25.8,7,27,2022
Transferencias,526720.86,1.79,7,27,2022
Percepciones financieras y de capital,300981.60000000003,1.02,7,27,2022
Trabajo,33181815.06,60.58,8,27,2022
Programas sociales y becas,11719135.58,21.4,8,27,2022
Negocio propio,9870368.24,18.02,8,27,2022
Trabajo,50013788.75,36.38,9,27,2022
Negocio propio,44420261.71,32.31,9,27,2022
Programas sociales y becas,21677818.32,15.77,9,27,2022
Transferencias,21247825.3,15.45,9,27,2022
Otros ingresos,134215.9,0.1,9,27,2022
Trabajo,3571041.24,67.53,2,27,2024
Programas sociales y becas,1716846.3,32.47,2,27,2024
Trabajo,11415590.94,50.56,3,27,2024
Programas sociales y becas,11163223.05,49.44,3,27,2024
Programas sociales y becas,10267225.64,53.66,4,27,2024
Trabajo,7674209.7299999995,40.11,4,27,2024
Negocio propio,1193802.19,6.24,4,27,2024
Trabajo,11703157.92,72.18,5,27,2024
Programas sociales y becas,4509888.64,27.82,5,27,2024
Trabajo,68347333.35,47.53,6,27,2024
Programas sociales y becas,41055974.0,28.55,6,27,2024
Negocio propio,31626179.33,21.99,6,27,2024
Transferencias,1663029.46,1.16,6,27,2024
Percepciones financieras y de capital,1118690.97,0.78,6,27,2024
Trabajo,15372389.28,68.35,7,27,2024
Programas sociales y becas,7116847.319999999,31.65,7,27,2024
Programas sociales y becas,28266600.240000002,49.17,10,27,2024
Trabajo,18063773.759999998,31.42,10,27,2024
Negocio propio,8668951.36,15.08,10,27,2024
Renta de la propiedad,2488693.44,4.33,10,27,2024
Trabajo,2539172.48,50.2,3,28,2020
Programas sociales y becas,2115974.32,41.83,3,28,2020
Percepciones financieras y de capital,403043.12,7.97,3,28,2020
Trabajo,3891144.5999999996,61.69,4,28,2020
Programas sociales y becas,1674096.4000000001,26.54,4,28,2020
Negocio propio,742030.6,11.76,4,28,2020
Trabajo,9683506.2,73.05,6,28,2020
Transferencias,2276411.02,17.17,6,28,2020
Programas sociales y becas,1295802.48,9.78,6,28,2020
Transferencias,9088524.06,51.61,7,28,2020
Trabajo,7679802.9,43.61,7,28,2020
Programas sociales y becas,840687.54,4.77,7,28,2020
Trabajo,13558150.08,65.12,8,28,2020
Programas sociales y becas,5326411.4399999995,25.58,8,28,2020
Transferencias,1936878.0,9.3,8,28,2020
Trabajo,40162494.900000006,90.98,9,28,2020
Programas sociales y becas,3736856.7,8.46,9,28,2020
Negocio propio,246957.30000000002,0.56,9,28,2020
Trabajo,73549394.53,61.2,10,28,2020
Percepciones financieras y de capital,37345845.61,31.08,10,28,2020
Transferencias,4640062.89,3.86,10,28,2020
Negocio propio,2797387.63,2.33,10,28,2020
Programas sociales y becas,1841864.79,1.53,10,28,2020
Programas sociales y becas,11599723.22,85.55,3,28,2024
Negocio propio,1185744.73,8.75,3,28,2024
Percepciones financieras y de capital,773314.53,5.7,3,28,2024
Programas sociales y becas,13017852.9,53.89,5,28,2024
Trabajo,9691069.05,40.12,5,28,2024
Transferencias,1446424.2,5.99,5,28,2024
Trabajo,42254500.400000006,79.94,8,28,2024
Programas sociales y becas,10600431.379999999,20.06,8,28,2024
Trabajo,93269345.98,97.05,10,28,2024
Programas sociales y becas,2832064.63,2.95,10,28,2024
Programas sociales y becas,981559.92,56.48,1,29,2020
Trabajo,496622.27999999997,28.58,1,29,2020
Percepciones financieras y de capital,259671.72,14.94,1,29,2020
Trabajo,1818440.6500000001,53.46,4,29,2020
Programas sociales y becas,1583114.35,46.54,4,29,2020
Trabajo,3474887.1399999997,40.21,5,29,2020
Programas sociales y becas,2488189.18,28.79,5,29,2020
Negocio propio,1520217.7,17.59,5,29,2020
Percepciones financieras y de capital,818801.76,9.47,5,29,2020
Transferencias,285245.45,3.3,5,29,2020
Otros ingresos,54585.420000000006,0.63,5,29,2020
Trabajo,4221800.34,81.51,7,29,2020
Programas sociales y becas,957979.3500000001,18.49,7,29,2020
Trabajo,4768135.680000001,64.4,8,29,2020
Programas sociales y becas,1681376.62,22.71,8,29,2020
Transferencias,908851.02,12.28,8,29,2020
Otros ingresos,45517.78,0.61,8,29,2020
Trabajo,12119861.8,94.82,9,29,2020
Programas sociales y becas,662085.24,5.18,9,29,2020
Programas sociales y becas,1832882.92,50.36,1,29,2022
Negocio propio,1233149.0,33.88,1,29,2022
Transferencias,419084.68,11.52,1,29,2022
Trabajo,154142.85,4.24,1,29,2022
Trabajo,5804352.0600000005,89.76,3,29,2022
Programas sociales y becas,662319.24,10.24,3,29,2022
Trabajo,3260655.0,58.16,5,29,2022
Programas sociales y becas,2345901.0,41.84,5,29,2022
Trabajo,7324149.5600000005,60.65,6,29,2022
Programas sociales y becas,4236741.32,35.08,6,29,2022
Transferencias,330491.0,2.74,6,29,2022
Negocio propio,185274.25,1.53,6,29,2022
Trabajo,13558444.94,66.2,7,29,2022
Programas sociales y becas,4231800.529999999,20.66,7,29,2022
Negocio propio,2691036.98,13.14,7,29,2022
Trabajo,5074183.21,54.69,4,29,2024
Programas sociales y becas,4203692.69,45.31,4,29,2024
Programas sociales y becas,2327085.8,47.29,6,29,2024
Trabajo,2067798.4999999998,42.02,6,29,2024
Negocio propio,294138.05,5.98,6,29,2024
Transferencias,232336.75,4.72,6,29,2024
Trabajo,10619946.500000002,69.37,8,29,2024
Programas sociales y becas,4688877.869999999,30.63,8,29,2024
Negocio propio,20986322.22,44.79,9,29,2024
Trabajo,19918040.49,42.51,9,29,2024
Programas sociales y becas,5262475.59,11.23,9,29,2024
Percepciones financieras y de capital,513586.5,1.1,9,29,2024
Renta de la propiedad,176086.5,0.38,9,29,2024
Otros ingresos,1100.25,0.0,9,29,2024
Trabajo,4275501.119999999,42.79,1,30,2020
Programas sociales y becas,3941700.8400000003,39.45,1,30,2020
Percepciones financieras y de capital,1775541.9000000001,17.77,1,30,2020
Negocio propio,2918119.65,45.24,2,30,2020
Programas sociales y becas,2286588.45,35.45,2,30,2020
Trabajo,943668.3,14.63,2,30,2020
Percepciones financieras y de capital,302457.0,4.69,2,30,2020
Trabajo,37204799.35,66.69,3,30,2020
Programas sociales y becas,17881943.41,32.05,3,30,2020
Negocio propio,440215.0,0.79,3,30,2020
Percepciones financieras y de capital,258253.60000000003,0.46,3,30,2020
Trabajo,17611658.82,87.46,4,30,2020
Programas sociales y becas,2525701.96,12.54,4,30,2020
Trabajo,58792067.04,61.33,5,30,2020
Programas sociales y becas,22614412.93,23.59,5,30,2020
Negocio propio,5904123.16,6.16,5,30,2020
Transferencias,5149180.6899999995,5.37,5,30,2020
Percepciones financieras y de capital,3408257.8400000003,3.56,5,30,2020
Transferencias,9568559.0,43.42,6,30,2020
Programas sociales y becas,8410253.28,38.17,6,30,2020
Trabajo,4056847.08,18.41,6,30,2020
Trabajo,24987526.24,70.63,8,30,2020
Programas sociales y becas,6857205.36,19.38,8,30,2020
Transferencias,3532715.28,9.99,8,30,2020
Programas sociales y becas,19205893.759999998,76.02,3,30,2022
Trabajo,3102478.63,12.28,3,30,2022
Percepciones financieras y de capital,1846716.5100000002,7.31,3,30,2022
Transferencias,1108025.4000000001,4.39,3,30,2022
Trabajo,40068472.34,59.58,5,30,2022
Programas sociales y becas,27179604.86,40.42,5,30,2022
Programas sociales y becas,15814553.899999999,57.41,6,30,2022
Negocio propio,10393381.700000001,37.73,6,30,2022
Percepciones financieras y de capital,1340216.2,4.86,6,30,2022
Programas sociales y becas,12713508.399999999,100.0,2,30,2024
Trabajo,83066102.65,59.83,3,30,2024
Programas sociales y becas,49512115.82,35.66,3,30,2024
Percepciones financieras y de capital,4065881.25,2.93,3,30,2024
Negocio propio,2187879.75,1.58,3,30,2024
Trabajo,30474246.11,60.17,5,30,2024
Programas sociales y becas,15427631.780000001,30.46,5,30,2024
Negocio propio,2046007.38,4.04,5,30,2024
Renta de la propiedad,1525053.4200000002,3.01,5,30,2024
Transferencias,1016702.28,2.01,5,30,2024
Percepciones financieras y de capital,153484.81000000003,0.3,5,30,2024
Trabajo,26144299.300000004,76.95,6,30,2024
Programas sociales y becas,5858164.84,17.24,6,30,2024
Negocio propio,1975397.1500000001,5.81,6,30,2024
Trabajo,375749.01,75.57,1,31,2020
Programas sociales y becas,121499.56000000001,24.43,1,31,2020
Trabajo,3310728.96,75.66,2,31,2020
Programas sociales y becas,626633.92,14.32,2,31,2020
Transferencias,313315.2,7.16,2,31,2020
Percepciones financieras y de capital,125326.08,2.86,2,31,2020
Trabajo,1496948.85,100.0,3,31,2020
Programas sociales y becas,820124.1900000001,40.93,5,31,2020
Trabajo,672264.36,33.55,5,31,2020
Percepciones financieras y de capital,336765.6,16.81,5,31,2020
Transferencias,174325.77000000002,8.7,5,31,2020
Trabajo,3060870.7199999997,28.32,6,31,2020
Percepciones financieras y de capital,3053930.52,28.25,6,31,2020
Programas sociales y becas,2801539.44,25.92,6,31,2020
Transferencias,1892933.0999999999,17.51,6,31,2020
Trabajo,4875513.32,88.86,7,31,2020
Programas sociales y becas,396688.06,7.23,7,31,2020
Negocio propio,128654.87999999999,2.34,7,31,2020
Transferencias,85769.92,1.56,7,31,2020
Trabajo,12393325.62,41.98,8,31,2020
Programas sociales y becas,7635567.79,25.86,8,31,2020
Transferencias,7101241.63,24.05,8,31,2020
Percepciones financieras y de capital,2247567.66,7.61,8,31,2020
Negocio propio,144736.74,0.49,8,31,2020
Trabajo,23957909.619999997,44.5,10,31,2020
Transferencias,17238735.83,32.02,10,31,2020
Negocio propio,6307256.220000001,11.72,10,31,2020
Percepciones financieras y de capital,3531347.13,6.56,10,31,2020
Programas sociales y becas,2782312.83,5.17,10,31,2020
Otros ingresos,19081.84,0.04,10,31,2020
Trabajo,2792343.04,58.61,2,31,2022
Programas sociales y becas,1972172.8,41.39,2,31,2022
Trabajo,8050939.78,99.6,4,31,2022
Percepciones financieras y de capital,29409.64,0.36,4,31,2022
Otros ingresos,2939.17,0.04,4,31,2022
Trabajo,5623137.74,60.08,6,31,2022
Programas sociales y becas,3444392.05,36.8,6,31,2022
Transferencias,187133.28,2.0,6,31,2022
Percepciones financieras y de capital,104673.81999999999,1.12,6,31,2022
Trabajo,9194963.68,67.58,8,31,2022
Programas sociales y becas,3491998.0599999996,25.67,8,31,2022
Percepciones financieras y de capital,569347.3200000001,4.18,8,31,2022
Transferencias,349198.06,2.57,8,31,2022
Trabajo,35985450.480000004,66.73,9,31,2022
Negocio propio,8747670.29,16.22,9,31,2022
Programas sociales y becas,8421170.46,15.62,9,31,2022
Transferencias,774878.67,1.44,9,31,2022
Trabajo,1920373.5,78.29,5,31,2024
Programas sociales y becas,313874.79,12.8,5,31,2024
Percepciones financieras y de capital,178874.91,7.29,5,31,2024
Negocio propio,39892.35,1.63,5,31,2024
Trabajo,15305176.26,74.09,6,31,2024
Programas sociales y becas,5353618.38,25.91,6,31,2024
Trabajo,6674796.31,57.57,7,31,2024
Programas sociales y becas,3121933.43,26.93,7,31,2024
Percepciones financieras y de capital,1746195.5,15.06,7,31,2024
Renta de la propiedad,51358.3,0.44,7,31,2024
Otros ingresos,342.29999999999995,0.0,7,31,2024
Trabajo,3797618.8000000003,100.0,3,32,2020
Trabajo,3330808.83,56.73,4,32,2020
Percepciones financieras y de capital,1442949.35,24.57,4,32,2020
Negocio propio,809493.86,13.79,4,32,2020
Programas sociales y becas,288589.87,4.91,4,32,2020
Trabajo,5570993.760000001,84.91,5,32,2020
Percepciones financieras y de capital,629999.44,9.6,5,32,2020
Programas sociales y becas,359999.68,5.49,5,32,2020
Trabajo,15391416.5,76.0,6,32,2020
Programas sociales y becas,4253807.380000001,21.0,6,32,2020
Negocio propio,355943.77999999997,1.76,6,32,2020
Transferencias,251433.99,1.24,6,32,2020
Negocio propio,5063397.680000001,43.27,8,32,2020
Trabajo,4188476.9599999995,35.79,8,32,2020
Programas sociales y becas,2451128.7199999997,20.94,8,32,2020
Trabajo,14910573.139999999,72.7,9,32,2020
Programas sociales y becas,2628192.54,12.81,9,32,2020
Renta de la propiedad,2582608.16,12.59,9,32,2020
Transferencias,387388.31999999995,1.89,9,32,2020
Transferencias,2183604.95,64.0,2,32,2022
Trabajo,664177.75,19.47,2,32,2022
Programas sociales y becas,545899.85,16.0,2,32,2022
Percepciones financieras y de capital,18196.6,0.53,2,32,2022
Programas sociales y becas,5577886.510000001,56.53,3,32,2022
Transferencias,2530462.48,25.65,3,32,2022
Trabajo,1260495.6,12.78,3,32,2022
Negocio propio,497992.95,5.05,3,32,2022
Trabajo,7363339.02,52.31,4,32,2022
Programas sociales y becas,5144120.28,36.54,4,32,2022
Negocio propio,1019773.5599999999,7.24,4,32,2022
Percepciones financieras y de capital,549445.7799999999,3.9,4,32,2022
Transferencias,6355269.75,77.51,5,32,2022
Programas sociales y becas,1396368.69,17.03,5,32,2022
Percepciones financieras y de capital,447553.95,5.46,5,32,2022
Trabajo,8773942.78,33.7,6,32,2022
Transferencias,8101921.35,31.11,6,32,2022
Programas sociales y becas,5923841.29,22.75,6,32,2022
Percepciones financieras y de capital,3239509.78,12.44,6,32,2022
Trabajo,14205371.34,96.01,8,32,2022
Programas sociales y becas,590769.75,3.99,8,32,2022
Trabajo,3869407.5999999996,40.69,9,32,2022
Negocio propio,3659015.56,38.47,9,32,2022
Transferencias,1981965.16,20.84,9,32,2022
Programas sociales y becas,3660745.2499999995,56.28,1,32,2024
Negocio propio,1004311.5499999999,15.44,1,32,2024
Trabajo,961139.1399999999,14.78,1,32,2024
Percepciones financieras y de capital,439042.34,6.75,1,32,2024
Transferencias,439042.34,6.75,1,32,2024
Programas sociales y becas,7669495.15,61.17,3,32,2024
Negocio propio,2417731.76,19.28,3,32,2024
Trabajo,1495458.37,11.93,3,32,2024
Percepciones financieras y de capital,955383.66,7.62,3,32,2024
